{"cameraMode":{"drawMode":0,"name":"Shaded","section":"Shading Mode"},"sceneLighting":true,"audioPlay":false,"sceneViewState":{"showFog":false,"showMaterialUpdate":false,"showSkybox":false,"showFlares":false,"showImageEffects":false,"showParticleSystems":false},"in2DMode":false,"pivot":{"x":-1.9053010940551758,"y":1.0542936325073243,"z":5.484351634979248},"rotation":{"x":-0.5555403232574463,"y":0.05354487895965576,"z":-0.03588216006755829,"w":-0.8289875984191895},"size":12.567131996154786,"orthographic":false}