{"cameraMode":{"drawMode":0,"name":"Shaded","section":"Shading Mode"},"sceneLighting":false,"audioPlay":false,"sceneViewState":{"showFog":false,"showMaterialUpdate":false,"showSkybox":false,"showFlares":false,"showImageEffects":false,"showParticleSystems":false},"in2DMode":false,"pivot":{"x":-0.6169662475585938,"y":-0.39154052734375,"z":0.16619873046875},"rotation":{"x":0.0022666293662041427,"y":0.9328868389129639,"z":-0.36011460423469546,"w":0.0058730063028633598},"size":0.5329452753067017,"orthographic":true}