{"cameraMode":{"drawMode":0,"name":"Shaded","section":"Shading Mode"},"sceneLighting":false,"audioPlay":false,"sceneViewState":{"showFog":false,"showMaterialUpdate":false,"showSkybox":false,"showFlares":false,"showImageEffects":false,"showParticleSystems":false},"in2DMode":false,"pivot":{"x":-0.150390625,"y":-0.05731201171875,"z":0.6259307861328125},"rotation":{"x":-0.012096525169909,"y":-0.9819173812866211,"z":0.17654746770858766,"w":-0.067252516746521},"size":0.6919834613800049,"orthographic":true}