{"cameraMode":{"drawMode":0,"name":"Shaded","section":"Shading Mode"},"sceneLighting":false,"audioPlay":false,"sceneViewState":{"showFog":false,"showMaterialUpdate":false,"showSkybox":false,"showFlares":false,"showImageEffects":false,"showParticleSystems":false},"in2DMode":false,"pivot":{"x":4.760000228881836,"y":-0.0040000081062316898,"z":2.4100000858306886},"rotation":{"x":-0.17287525534629823,"y":0.6016136407852173,"z":-0.13541997969150544,"w":-0.768008291721344},"size":4.62573766708374,"orthographic":false}