{"cameraMode":{"drawMode":0,"name":"Shaded","section":"Shading Mode"},"sceneLighting":false,"audioPlay":false,"sceneViewState":{"showFog":false,"showMaterialUpdate":false,"showSkybox":false,"showFlares":false,"showImageEffects":false,"showParticleSystems":false},"in2DMode":false,"pivot":{"x":0.7647311091423035,"y":1.241852879524231,"z":-0.3499999940395355},"rotation":{"x":-0.3305569589138031,"y":-0.0056623974815011028,"z":0.001983311027288437,"w":-0.9437670111656189},"size":0.3487539291381836,"orthographic":false}